id,first_name,last_name,email,gender,ip_address
1,Kain,McCaskell,kmccaskell0@gravatar.com,Male,179.124.7.133
2,Ugo,Limbourne,ulimbourne1@house.gov,Male,21.101.54.134
3,Sawyer,Asker,sasker2@opera.com,Male,102.116.201.15
4,Hedwig,Ballsdon,hballsdon3@washington.edu,Female,123.113.145.19
5,Sybyl,Roseburgh,sroseburgh4@un.org,Female,243.81.136.52
6,Ulrick,Kinnach,ukinnach5@de.vu,Male,153.81.141.178
7,Patin,Greenstock,pgreenstock6@nationalgeographic.com,Male,205.123.106.228
8,Arvie,Beckworth,abeckworth7@netlog.com,Male,100.89.95.78
9,Dorine,Howchin,dhowchin8@vinaora.com,Female,41.58.140.234
10,Xavier,Cosgriff,xcosgriff9@homestead.com,Male,188.162.53.162
11,Glad,Bellringer,gbellringera@blog.com,Female,132.254.219.219
12,Inessa,Bowskill,ibowskillb@dagondesign.com,Female,240.7.201.112
13,Raymund,Millington,rmillingtonc@shinystat.com,Male,40.67.36.53
14,Mora,Hudghton,mhudghtond@vimeo.com,Female,246.253.67.64
15,Zechariah,MacKean,zmackeane@tinyurl.com,Male,217.29.4.32
16,Brandyn,Bricklebank,bbricklebankf@yellowbook.com,Male,180.3.7.53
17,Aleta,Grattage,agrattageg@altervista.org,Female,51.159.201.121
18,Johnna,MacGilpatrick,jmacgilpatrickh@simplemachines.org,Female,80.181.40.21
19,Kerrie,Lockley,klockleyi@disqus.com,Female,194.229.80.181
20,Renault,Boas,rboasj@ted.com,Male,109.132.143.72
21,Codie,Kermit,ckermitk@example.com,Male,36.122.65.154
22,Izak,Tufts,ituftsl@cbc.ca,Male,135.104.141.255
23,Colline,Cosham,ccoshamm@paginegialle.it,Female,2.166.165.179
24,Roland,Hartness,rhartnessn@yahoo.com,Male,181.128.45.43
25,Stanford,Yeell,syeello@ow.ly,Male,23.168.76.46
26,Aguistin,Ridesdale,aridesdalep@alibaba.com,Male,65.16.50.54
27,Lydon,Tolputt,ltolputtq@hud.gov,Male,158.70.2.55
28,Shela,Coit,scoitr@naver.com,Female,113.233.233.3
