id,first_name,last_name,email,gender,ip_address
1,Brinn,Herity,bherity0@hugedomains.com,Female,53.183.199.223
2,Wylma,Lavell,wlavell1@stumbleupon.com,Female,206.172.62.206
3,Devin,Dearan,ddearan2@businessweek.com,Female,98.251.59.108
4,Blinni,McClary,bmcclary3@pbs.org,Female,132.90.160.192
5,Byram,Weddup,bweddup4@csmonitor.com,Male,175.16.72.226
6,Jolynn,Glanvill,jglanvill5@mail.ru,Female,205.230.55.59
7,Moina,Tansley,mtansley6@privacy.gov.au,Female,7.71.173.161
8,Brandi,Bellingham,bbellingham7@bizjournals.com,Female,31.55.18.58
9,Bank,Petkovic,bpetkovic8@twitter.com,Male,246.172.111.141
10,Terry,Linnitt,tlinnitt9@pcworld.com,Male,207.132.163.172
11,Martynne,Bodman,mbodmana@mozilla.com,Female,239.219.101.175
12,Bev,Ryce,bryceb@purevolume.com,Female,237.239.174.0
13,Bancroft,Tapp,btappc@people.com.cn,Male,247.31.0.152
14,Catharine,Hanhard,chanhardd@sciencedirect.com,Female,73.84.95.62
15,Phineas,Dinnis,pdinnise@cbslocal.com,Male,19.12.108.149
16,Jesus,Duck,jduckf@moonfruit.com,Male,122.176.60.244
17,Cooper,Manley,cmanleyg@github.com,Male,35.205.24.216
18,Barnabas,Thornewell,bthornewellh@mail.ru,Male,74.73.191.4
19,Norrie,Horburgh,nhorburghi@youtu.be,Female,79.107.1.208
20,Lorenza,Osgar,losgarj@elpais.com,Female,149.171.247.131
21,Dwain,Tutin,dtutink@boston.com,Male,167.79.225.96
22,Teador,Dorr,tdorrl@upenn.edu,Male,49.63.69.204
23,Joachim,Dottridge,jdottridgem@examiner.com,Male,141.99.86.182
24,Jojo,Silverthorn,jsilverthornn@123-reg.co.uk,Female,235.176.148.105
25,Renaldo,Faraday,rfaradayo@miibeian.gov.cn,Male,103.241.96.57
26,Bev,Govini,bgovinip@yale.edu,Male,129.124.31.109
27,Latrina,Gilogly,lgiloglyq@webmd.com,Female,29.48.54.200
28,Clementius,Helmke,chelmker@wikimedia.org,Male,105.21.55.98
29,Rich,Squibbs,rsquibbss@livejournal.com,Male,148.50.255.92
30,Shellie,Syme,ssymet@ameblo.jp,Female,151.126.169.204
31,Alessandro,Twohig,atwohigu@chron.com,Male,127.11.167.98
32,Andy,Gilvary,agilvaryv@eventbrite.com,Female,57.73.186.110
33,Aeriela,Guterson,agutersonw@barnesandnoble.com,Female,246.240.175.3
34,Chrystal,Salla,csallax@networksolutions.com,Female,27.234.0.146
35,Alano,Soff,asoffy@apple.com,Male,236.164.152.212
36,Malvina,Tolotti,mtolottiz@slideshare.net,Female,229.250.45.239
37,Matt,See,msee10@disqus.com,Male,27.193.18.174
38,Alfons,Elmes,aelmes11@google.com,Male,221.224.210.90
39,Timmy,Mc Menamin,tmcmenamin12@samsung.com,Male,77.194.0.127
40,Joellyn,St. Ledger,jstledger13@linkedin.com,Female,153.119.3.48
41,Dominga,Birk,dbirk14@symantec.com,Female,195.104.156.68
42,Bellina,Stanton,bstanton15@ebay.co.uk,Female,165.121.238.249
43,Carol,Bridden,cbridden16@hostgator.com,Female,24.6.125.191
44,Bentlee,Comberbeach,bcomberbeach17@smugmug.com,Male,38.21.169.10
45,Zora,Goodread,zgoodread18@umn.edu,Female,160.140.106.235
46,Adrien,Logesdale,alogesdale19@over-blog.com,Male,28.50.214.26
47,Chancey,McChesney,cmcchesney1a@over-blog.com,Male,58.143.165.129
48,Sonja,Brydon,sbrydon1b@dion.ne.jp,Female,174.16.3.85
49,Tamara,Tiron,ttiron1c@joomla.org,Female,67.204.97.200
50,Denver,Taberer,dtaberer1d@google.com.br,Male,138.142.249.170
51,Marcel,Gaythorpe,mgaythorpe1e@sourceforge.net,Male,183.195.230.226
52,Merle,Huddles,mhuddles1f@tamu.edu,Female,131.72.101.204
53,Joete,Jumel,jjumel1g@usa.gov,Female,1.205.179.189
54,Greg,McAuliffe,gmcauliffe1h@google.pl,Male,80.128.111.129
55,Sheilakathryn,Rodinger,srodinger1i@networkadvertising.org,Female,149.225.50.42
56,Myron,Bettleson,mbettleson1j@sitemeter.com,Male,24.119.106.175
57,Karlis,Simnor,ksimnor1k@over-blog.com,Male,72.134.191.92
58,Barbey,Hotson,bhotson1l@bizjournals.com,Female,140.249.106.214
59,Launce,Linkleter,llinkleter1m@phpbb.com,Male,169.171.215.205
60,Engelbert,Dyne,edyne1n@bandcamp.com,Male,145.200.164.196
61,Lamont,Van Der Weedenburg,lvanderweedenburg1o@php.net,Male,240.105.207.81
62,Gordy,MacPeake,gmacpeake1p@prnewswire.com,Male,107.143.163.112
63,Armin,Frick,africk1q@sciencedaily.com,Male,136.39.193.169
64,Dareen,Medwell,dmedwell1r@prlog.org,Female,248.15.13.29
65,Lauryn,Turbard,lturbard1s@webeden.co.uk,Female,78.39.240.134
66,Karin,Mandres,kmandres1t@mapquest.com,Female,200.148.62.86
67,Theodoric,Trobey,ttrobey1u@wordpress.com,Male,132.16.108.163
68,Rolph,Sodory,rsodory1v@adobe.com,Male,229.134.243.6
69,Lorain,Krzysztofiak,lkrzysztofiak1w@state.tx.us,Female,145.5.126.27
70,Christoph,Stadden,cstadden1x@biblegateway.com,Male,224.99.41.142
71,Barri,Haffenden,bhaffenden1y@newsvine.com,Male,70.36.6.136
72,Sashenka,Langeren,slangeren1z@princeton.edu,Female,227.55.253.190
73,Parsifal,Bakes,pbakes20@e-recht24.de,Male,250.83.178.36
74,Ardine,Marple,amarple21@hugedomains.com,Female,229.161.176.146
75,Rowney,McKall,rmckall22@wisc.edu,Male,217.143.47.52
76,Ansley,Ciccone,aciccone23@aboutads.info,Female,227.42.244.229
77,Stern,Sillito,ssillito24@1688.com,Male,2.99.27.132
78,Elbertina,Greenman,egreenman25@harvard.edu,Female,155.219.95.37
79,Bill,Saffe,bsaffe26@sogou.com,Male,66.135.0.236
80,Iorgos,Meates,imeates27@prlog.org,Male,5.4.221.82
81,Eustacia,Philps,ephilps28@globo.com,Female,138.163.178.59
82,Corella,Viger,cviger29@odnoklassniki.ru,Female,49.231.187.248
83,Corette,Waryk,cwaryk2a@t.co,Female,137.183.34.149
84,Ebenezer,Brandi,ebrandi2b@biblegateway.com,Male,136.245.218.144
85,Bennie,Gailor,bgailor2c@ucsd.edu,Male,132.13.168.200
86,Merline,Stuther,mstuther2d@independent.co.uk,Female,113.154.198.253
87,Gusta,Drains,gdrains2e@adobe.com,Female,238.113.50.213
88,Huntlee,Whear,hwhear2f@livejournal.com,Male,198.37.38.155
89,Dell,Peschke,dpeschke2g@simplemachines.org,Female,92.11.40.93
90,Simona,Sneller,ssneller2h@google.nl,Female,159.27.191.141
91,Kiel,Ellams,kellams2i@cloudflare.com,Male,103.193.90.77
92,Bobby,Chavrin,bchavrin2j@irs.gov,Male,52.252.80.219
93,Rolph,Penritt,rpenritt2k@ucla.edu,Male,201.108.107.27
94,Veda,Skerrett,vskerrett2l@ehow.com,Female,102.136.132.107
95,Stillman,Rosenblatt,srosenblatt2m@twitpic.com,Male,227.85.53.149
96,Corey,Sicha,csicha2n@boston.com,Female,212.217.249.231
97,Gabriel,Forty,gforty2o@pinterest.com,Female,83.153.17.151
98,Tandi,Bodega,tbodega2p@discuz.net,Female,112.219.31.179
99,Vergil,Itzkovici,vitzkovici2q@is.gd,Male,138.16.6.25
100,Langsdon,Ceresa,lceresa2r@marketwatch.com,Male,60.182.200.82
101,Yetty,Teasdale,yteasdale2s@plala.or.jp,Female,72.22.30.253
102,Jo-ann,MacTague,jmactague2t@dagondesign.com,Female,253.218.204.189
103,Abbe,Fears,afears2u@sohu.com,Female,38.231.38.170
104,Gery,Lodovichi,glodovichi2v@bandcamp.com,Male,97.54.177.171
105,Rad,Crossdale,rcrossdale2w@chron.com,Male,166.99.110.161
106,Renado,Kleinert,rkleinert2x@yahoo.co.jp,Male,162.186.187.238
107,Belva,Ludy,bludy2y@about.com,Female,192.20.25.148
108,Kinnie,Tollerfield,ktollerfield2z@bloglovin.com,Male,224.49.227.119
109,Rodrick,Tomkin,rtomkin30@ft.com,Male,68.174.164.101
110,Vern,Allard,vallard31@scribd.com,Male,231.59.87.229
111,Junette,Tubridy,jtubridy32@purevolume.com,Female,139.30.181.244
112,Caye,Motion,cmotion33@github.com,Female,239.161.226.172
113,Dennet,Bartrop,dbartrop34@ucoz.com,Male,156.163.127.102
114,Dunn,Haresnape,dharesnape35@furl.net,Male,211.183.242.128
115,Wilfred,Wynch,wwynch36@freewebs.com,Male,112.148.37.140
116,Anson,Cholmondeley,acholmondeley37@yolasite.com,Male,66.247.3.2
117,Brian,Cordall,bcordall38@usda.gov,Male,20.173.110.44
118,Lyon,Thacke,lthacke39@omniture.com,Male,215.125.164.193
119,Trace,Bulcroft,tbulcroft3a@dmoz.org,Male,84.32.103.64
120,Elizabet,Nanuccioi,enanuccioi3b@google.ru,Female,48.227.178.94
121,Niko,Gail,ngail3c@wikispaces.com,Male,27.190.31.75
122,Linet,Knibley,lknibley3d@bbb.org,Female,194.196.219.20
123,Eddy,Reddan,ereddan3e@etsy.com,Male,103.12.96.206
124,Germaine,Pren,gpren3f@cisco.com,Male,130.37.159.132
125,Herbert,Weakley,hweakley3g@webeden.co.uk,Male,250.124.180.50
126,Minnnie,Haddon,mhaddon3h@mashable.com,Female,141.68.244.14
127,Son,Redihalgh,sredihalgh3i@goodreads.com,Male,87.21.192.69
128,Terence,Reinger,treinger3j@slashdot.org,Male,217.23.207.193
129,Hervey,Manginot,hmanginot3k@ucoz.com,Male,8.191.82.17
130,Phaidra,Lomond,plomond3l@live.com,Female,170.212.16.32
131,Phelia,MacPeice,pmacpeice3m@amazon.de,Female,97.241.19.223
132,Zarah,Gwalter,zgwalter3n@devhub.com,Female,67.251.122.14
133,Alysa,Heiton,aheiton3o@xinhuanet.com,Female,147.19.160.13
134,Kameko,Heppner,kheppner3p@eventbrite.com,Female,87.147.176.113
135,Helen-elizabeth,Prestwich,hprestwich3q@tamu.edu,Female,45.68.78.115
136,Kittie,Everington,keverington3r@about.com,Female,175.208.162.235
137,Onofredo,Beaulieu,obeaulieu3s@cdbaby.com,Male,74.59.233.227
138,Zonnya,Yarnold,zyarnold3t@pbs.org,Female,93.65.90.68
139,Elyssa,Trengove,etrengove3u@mediafire.com,Female,42.235.170.203
140,Orren,Weildish,oweildish3v@amazon.co.uk,Male,64.104.231.136
141,Selia,Grombridge,sgrombridge3w@taobao.com,Female,130.114.189.67
142,Adina,Dashwood,adashwood3x@hhs.gov,Female,40.59.61.203
143,Roxi,McHaffy,rmchaffy3y@opensource.org,Female,125.148.163.86
144,Melba,Bonds,mbonds3z@dyndns.org,Female,168.197.222.169
145,Chico,Tussaine,ctussaine40@noaa.gov,Male,5.57.97.64
146,Normie,Spratt,nspratt41@mozilla.org,Male,134.142.20.9
147,Maurizio,Woodrough,mwoodrough42@discovery.com,Male,25.255.77.82
148,Archaimbaud,MacCall,amaccall43@google.com.au,Male,49.14.164.252
149,Fancy,Keuning,fkeuning44@dagondesign.com,Female,94.65.87.41
150,Hillery,Tippett,htippett45@loc.gov,Male,10.154.174.255
151,Gil,Suston,gsuston46@exblog.jp,Male,90.186.33.233
152,Anselm,Ianiello,aianiello47@weebly.com,Male,232.122.126.5
153,Keen,Picford,kpicford48@adobe.com,Male,77.8.64.79
154,Kaleena,Cutriss,kcutriss49@ocn.ne.jp,Female,23.66.201.61
155,Carroll,Bleackly,cbleackly4a@woothemes.com,Male,198.226.135.149
156,Wallas,Barrack,wbarrack4b@narod.ru,Male,150.84.60.121
157,Vanya,Warby,vwarby4c@etsy.com,Female,96.238.211.241
158,Leonidas,Claussen,lclaussen4d@typepad.com,Male,178.97.75.71
159,Oralee,Bellas,obellas4e@yandex.ru,Female,0.172.78.224
160,Melosa,Bissill,mbissill4f@apple.com,Female,253.203.27.151
161,Brnaba,Limeburn,blimeburn4g@nifty.com,Male,158.173.156.198
162,Berny,Bischof,bbischof4h@flickr.com,Female,231.207.234.175
163,Kalli,Boater,kboater4i@tmall.com,Female,137.60.204.218
164,Hillard,Tanman,htanman4j@trellian.com,Male,71.162.183.250
165,Abeu,Noonan,anoonan4k@cmu.edu,Male,147.20.103.3
166,Kristopher,Winckle,kwinckle4l@angelfire.com,Male,79.45.112.127
167,Cortie,Byer,cbyer4m@paypal.com,Male,104.46.218.207
168,Bartolomeo,Grandin,bgrandin4n@nyu.edu,Male,20.55.156.217
169,Tiff,Ever,tever4o@salon.com,Female,115.151.57.43
170,Jinny,Danielsohn,jdanielsohn4p@ftc.gov,Female,25.109.169.248
171,Julio,Aymes,jaymes4q@pbs.org,Male,104.254.174.152
172,Galen,Powelee,gpowelee4r@prweb.com,Male,43.131.130.205
173,Harley,Loffel,hloffel4s@cnbc.com,Male,170.230.135.85
174,Elliot,Skipsea,eskipsea4t@rakuten.co.jp,Male,99.237.10.25
175,Jeniffer,Redshaw,jredshaw4u@soundcloud.com,Female,36.7.248.52
176,Colly,Treamayne,ctreamayne4v@parallels.com,Female,49.174.189.198
177,Cinnamon,Akett,cakett4w@dot.gov,Female,168.171.245.18
178,Augusta,Squibb,asquibb4x@cpanel.net,Female,200.248.72.241
179,Jamey,Tabart,jtabart4y@aboutads.info,Male,224.183.176.26
180,Rodolph,Wandtke,rwandtke4z@kickstarter.com,Male,106.252.0.221
181,Alfreda,Ruddlesden,aruddlesden50@webeden.co.uk,Female,230.64.32.133
182,Bay,Engley,bengley51@last.fm,Male,184.38.240.172
183,Siegfried,Nijs,snijs52@tmall.com,Male,250.195.191.38
184,Archie,Walters,awalters53@bbb.org,Male,55.154.20.221
185,Vivie,Hailston,vhailston54@china.com.cn,Female,94.101.60.113
186,Micky,Itter,mitter55@zimbio.com,Female,235.95.134.38
187,Rock,Aspray,raspray56@accuweather.com,Male,159.108.196.14
188,Demetria,Mourton,dmourton57@guardian.co.uk,Female,130.201.66.93
189,Flori,Hinchon,fhinchon58@imageshack.us,Female,42.31.39.18
190,Hort,Bernucci,hbernucci59@boston.com,Male,175.155.20.42
191,Adela,Guerrazzi,aguerrazzi5a@ask.com,Female,245.173.147.122
192,Myrvyn,Krojn,mkrojn5b@biblegateway.com,Male,81.31.15.179
193,Sandro,Slowgrove,sslowgrove5c@webmd.com,Male,36.172.34.241
194,Lindsay,Klamp,lklamp5d@redcross.org,Male,74.28.239.80
195,Juliet,Gooley,jgooley5e@csmonitor.com,Female,143.216.157.253
196,Alphonso,FitzGeorge,afitzgeorge5f@barnesandnoble.com,Male,188.248.223.151
197,Archambault,Gutcher,agutcher5g@google.nl,Male,239.64.179.216
198,Jo ann,Fatkin,jfatkin5h@printfriendly.com,Female,162.85.225.187
199,Janessa,Sapsforde,jsapsforde5i@vk.com,Female,6.2.14.161
200,Ambros,D'Oyly,adoyly5j@youtu.be,Male,52.181.195.105
201,Yvonne,Zannuto,yzannuto5k@eventbrite.com,Female,30.116.250.101
202,Chloette,Woodwind,cwoodwind5l@domainmarket.com,Female,254.35.94.37
203,Winni,Ebben,webben5m@chron.com,Female,161.112.73.175
204,Zena,Dennington,zdennington5n@hud.gov,Female,146.247.126.81
205,Erina,Kedie,ekedie5o@admin.ch,Female,199.204.149.71
206,Webb,Pineaux,wpineaux5p@shutterfly.com,Male,197.129.84.198
207,Arv,Ashborne,aashborne5q@123-reg.co.uk,Male,103.218.244.16
208,Bond,Rozet,brozet5r@youtube.com,Male,28.173.5.46
209,Price,Overil,poveril5s@liveinternet.ru,Male,129.138.243.32
210,Vern,Coorington,vcoorington5t@lulu.com,Male,33.205.251.5
211,Nicolette,Dossettor,ndossettor5u@forbes.com,Female,62.30.209.170
212,Jaquelin,Aindrais,jaindrais5v@dailymotion.com,Female,109.195.190.46
213,Feodora,Dobbin,fdobbin5w@instagram.com,Female,234.244.95.89
214,Lorine,Berling,lberling5x@thetimes.co.uk,Female,155.237.96.0
215,Niki,Cadge,ncadge5y@gizmodo.com,Female,236.189.161.19
216,Britt,Gahan,bgahan5z@ask.com,Male,141.220.220.171
217,Shamus,Branno,sbranno60@cisco.com,Male,63.140.245.205
218,Christiano,Bonnefin,cbonnefin61@washingtonpost.com,Male,2.118.250.8
219,Marjorie,Geer,mgeer62@slate.com,Female,174.131.221.209
220,Erick,Kesterton,ekesterton63@ucsd.edu,Male,249.127.189.30
221,Imelda,Barock,ibarock64@behance.net,Female,78.22.163.36
222,Warner,Ramelot,wramelot65@ning.com,Male,132.130.168.226
223,Celene,Foyston,cfoyston66@wisc.edu,Female,208.105.145.238
224,Mischa,Jackalin,mjackalin67@list-manage.com,Male,135.95.128.194
225,Philbert,Withrop,pwithrop68@twitpic.com,Male,144.136.110.254
226,Orren,Juares,ojuares69@issuu.com,Male,67.70.252.52
227,Daryle,Divisek,ddivisek6a@icio.us,Male,206.104.89.77
228,Penn,Greenmon,pgreenmon6b@networksolutions.com,Male,252.161.14.219
229,Shelby,Shout,sshout6c@livejournal.com,Male,186.119.242.30
230,Lezlie,McComish,lmccomish6d@infoseek.co.jp,Female,251.39.125.193
231,Mateo,Schwant,mschwant6e@weebly.com,Male,85.144.49.189
232,Fee,Renfree,frenfree6f@statcounter.com,Male,137.159.187.153
233,Giff,Scurrey,gscurrey6g@qq.com,Male,247.229.207.228
234,Mikael,Grinstead,mgrinstead6h@wikispaces.com,Male,146.63.202.73
235,Yancy,Coulter,ycoulter6i@uol.com.br,Male,118.24.69.97
236,Mariam,Sauvan,msauvan6j@hubpages.com,Female,176.15.252.120
237,Atalanta,Tinham,atinham6k@wix.com,Female,194.231.76.4
238,Farrand,Kinneir,fkinneir6l@g.co,Female,134.1.192.151
239,Mariquilla,Ruit,mruit6m@nytimes.com,Female,104.144.54.39
240,Xymenes,Harrod,xharrod6n@blogtalkradio.com,Male,24.233.165.238
241,Odilia,MacCosty,omaccosty6o@dot.gov,Female,119.239.197.114
242,Dyana,Van den Velden,dvandenvelden6p@comsenz.com,Female,5.239.1.199
243,Bill,Mynard,bmynard6q@boston.com,Male,6.189.96.162
244,Elliot,Meadus,emeadus6r@prlog.org,Male,15.124.157.62
245,Imojean,Blencoe,iblencoe6s@ucoz.com,Female,18.153.181.189
246,Tyler,Baudichon,tbaudichon6t@goo.gl,Male,213.65.41.135
247,Matilda,Morigan,mmorigan6u@mit.edu,Female,178.160.244.169
248,Drew,Shepherdson,dshepherdson6v@ftc.gov,Male,108.236.5.53
249,Cirstoforo,Giriardelli,cgiriardelli6w@dot.gov,Male,122.218.95.61
250,Aila,Jozef,ajozef6x@amazon.com,Female,177.20.12.158
251,Kalindi,Rene,krene6y@dot.gov,Female,228.26.204.239
252,Quillan,Devorill,qdevorill6z@imdb.com,Male,1.66.84.146
253,Linette,Coaster,lcoaster70@yandex.ru,Female,72.156.11.133
254,Tilda,McConnel,tmcconnel71@java.com,Female,2.184.201.26
255,Edee,Greensite,egreensite72@phpbb.com,Female,140.44.157.248
256,Creigh,Cromack,ccromack73@tinyurl.com,Male,201.195.195.114
257,Sari,Cargo,scargo74@bluehost.com,Female,10.164.242.239
258,Wittie,Swadden,wswadden75@elegantthemes.com,Male,49.160.250.190
259,Celestia,Quest,cquest76@msu.edu,Female,219.218.224.131
260,Gage,Probey,gprobey77@paginegialle.it,Male,205.152.219.229
261,Bryon,Argent,bargent78@nyu.edu,Male,34.87.216.171
262,Boone,Tunuy,btunuy79@mapquest.com,Male,240.84.1.125
263,Shaw,Belhomme,sbelhomme7a@instagram.com,Male,214.160.45.233
264,Shawn,Larmouth,slarmouth7b@usda.gov,Female,23.31.228.235
265,Micheil,Merlin,mmerlin7c@google.ca,Male,65.146.218.13
266,Clarita,Lowrie,clowrie7d@nifty.com,Female,164.246.206.254
267,Lyn,Knightsbridge,lknightsbridge7e@nydailynews.com,Male,120.104.188.107
268,Andriette,McKernan,amckernan7f@e-recht24.de,Female,23.94.131.201
269,Doralia,McParlin,dmcparlin7g@pagesperso-orange.fr,Female,241.74.158.82
270,Dania,Wilcocks,dwilcocks7h@reference.com,Female,183.97.128.123
271,Munroe,Pillman,mpillman7i@huffingtonpost.com,Male,223.33.202.139
272,Arty,Mugridge,amugridge7j@wired.com,Male,197.217.243.136
273,Giles,Gladwell,ggladwell7k@mozilla.org,Male,236.46.216.113
274,Agatha,Afonso,aafonso7l@issuu.com,Female,239.153.213.86
275,Cazzie,Kesper,ckesper7m@pcworld.com,Male,240.107.249.77
276,Bria,Suttell,bsuttell7n@indiegogo.com,Female,110.145.146.153
277,Haily,Rowling,hrowling7o@dyndns.org,Male,140.100.144.11
278,Zita,Macrow,zmacrow7p@soundcloud.com,Female,25.192.35.126
279,Cora,Ilyinykh,cilyinykh7q@toplist.cz,Female,176.253.17.219
280,Emily,Sijmons,esijmons7r@washingtonpost.com,Female,214.197.1.46
281,York,Cristoforo,ycristoforo7s@simplemachines.org,Male,137.66.197.49
282,Van,Leworthy,vleworthy7t@latimes.com,Male,129.180.160.117
283,Mateo,Janacek,mjanacek7u@answers.com,Male,104.134.64.78
284,Gradeigh,Hobble,ghobble7v@com.com,Male,32.21.198.16
285,Gwenora,Bemment,gbemment7w@eventbrite.com,Female,40.170.52.244
286,Lucho,Tuck,ltuck7x@columbia.edu,Male,24.64.241.197
287,Onofredo,Kroon,okroon7y@nature.com,Male,250.177.240.211
288,Teodoor,Warfield,twarfield7z@vimeo.com,Male,153.74.18.77
289,Ambrosius,Grayshan,agrayshan80@vinaora.com,Male,99.192.74.33
290,Rick,Trusse,rtrusse81@si.edu,Male,193.232.126.102
291,Sid,Kinder,skinder82@opensource.org,Male,161.203.55.109
292,Gwennie,Harriot,gharriot83@pen.io,Female,5.34.91.83
293,Alfie,Paroni,aparoni84@altervista.org,Female,116.252.104.58
294,Cherianne,Biskupiak,cbiskupiak85@irs.gov,Female,5.100.254.12
295,Swen,O'Brogan,sobrogan86@free.fr,Male,218.28.245.7
296,Darrick,Guilaem,dguilaem87@sun.com,Male,253.177.151.241
297,Sly,Aurelius,saurelius88@census.gov,Male,31.211.153.4
298,Francoise,Pavier,fpavier89@webnode.com,Female,250.223.210.135
299,Concettina,Kemmer,ckemmer8a@un.org,Female,241.3.81.169
300,Madeleine,Leyshon,mleyshon8b@engadget.com,Female,60.191.99.88
301,Max,Gobbett,mgobbett8c@etsy.com,Male,200.182.44.18
302,Anstice,Klaus,aklaus8d@tumblr.com,Female,60.184.218.131
303,Peria,Zettler,pzettler8e@macromedia.com,Female,158.21.113.241
304,Cyb,Wagge,cwagge8f@clickbank.net,Female,244.54.230.150
305,Leigha,Rozsa,lrozsa8g@dropbox.com,Female,163.140.254.165
306,Shea,Butte,sbutte8h@geocities.jp,Male,178.98.68.84
307,Clarance,Varty,cvarty8i@tmall.com,Male,17.167.163.69
308,Leonie,Bockin,lbockin8j@economist.com,Female,188.149.35.172
309,Fawn,Dooler,fdooler8k@usnews.com,Female,133.216.215.227
310,Micki,Corben,mcorben8l@telegraph.co.uk,Female,158.77.191.155
311,Cory,Ramsey,cramsey8m@nymag.com,Male,157.102.21.29
312,Christoper,Oxton,coxton8n@whitehouse.gov,Male,117.85.194.66
313,Laureen,Peracco,lperacco8o@squarespace.com,Female,128.111.94.72
314,Iona,Gurling,igurling8p@bing.com,Female,70.224.195.116
315,Kylie,Renforth,krenforth8q@senate.gov,Male,135.104.227.186
316,Maryjo,Rossander,mrossander8r@myspace.com,Female,248.98.216.129
317,Katy,Parzis,kparzis8s@ifeng.com,Female,248.81.69.166
318,Avigdor,Tribble,atribble8t@theguardian.com,Male,131.174.93.37
319,Vern,Hackleton,vhackleton8u@netlog.com,Male,141.228.212.144
320,Sibel,Salleir,ssalleir8v@bravesites.com,Female,243.108.39.126
321,Marcelline,Johanssen,mjohanssen8w@epa.gov,Female,9.128.185.158
322,Jared,Vautrey,jvautrey8x@paypal.com,Male,186.73.147.139
323,Durant,Sporgeon,dsporgeon8y@who.int,Male,234.50.153.133
324,Ash,Kernes,akernes8z@nba.com,Male,18.61.178.192
325,Hyman,Biasini,hbiasini90@quantcast.com,Male,39.174.5.180
326,Yehudit,Heineken,yheineken91@sciencedirect.com,Male,22.94.221.101
327,Nobie,Brawn,nbrawn92@constantcontact.com,Male,220.145.118.98
328,Elliot,Stenett,estenett93@usda.gov,Male,9.131.208.86
329,Jone,Smellie,jsmellie94@guardian.co.uk,Male,89.231.198.162
330,Sigismondo,Shailer,sshailer95@narod.ru,Male,152.83.155.102
331,Elsi,Stitle,estitle96@forbes.com,Female,136.222.91.244
332,Else,Wallenger,ewallenger97@istockphoto.com,Female,33.113.219.22
333,Ase,Voden,avoden98@youtube.com,Male,53.6.39.96
334,Rheba,Bartolozzi,rbartolozzi99@google.de,Female,56.233.47.93
335,Lucien,Edyson,ledyson9a@indiegogo.com,Male,100.59.137.112
336,Wynnie,Chicken,wchicken9b@imgur.com,Female,116.62.34.109
337,Morton,Spurdon,mspurdon9c@mlb.com,Male,235.5.45.106
338,Justine,Kilgour,jkilgour9d@typepad.com,Female,214.189.82.7
339,Meryl,Thaxton,mthaxton9e@unesco.org,Female,178.249.165.5
340,Crysta,McCrone,cmccrone9f@51.la,Female,133.252.27.37
341,Kurtis,Goldine,kgoldine9g@princeton.edu,Male,170.166.229.51
342,Giovanna,Karpushkin,gkarpushkin9h@latimes.com,Female,197.172.232.56
343,Merle,Doy,mdoy9i@wisc.edu,Male,183.0.39.112
344,Merlina,Probey,mprobey9j@blog.com,Female,2.128.2.24
345,Greer,Hecks,ghecks9k@123-reg.co.uk,Female,82.210.107.104
346,Derrick,Clarycott,dclarycott9l@amazon.co.uk,Male,111.165.74.230
347,Arthur,Geraudel,ageraudel9m@apple.com,Male,174.61.13.180
348,Bidget,Lidierth,blidierth9n@japanpost.jp,Female,61.6.250.162
349,Loralyn,Sandes,lsandes9o@zdnet.com,Female,110.46.109.254
350,Tabbi,Coulthart,tcoulthart9p@loc.gov,Female,166.164.198.191
351,Dur,Carberry,dcarberry9q@examiner.com,Male,135.173.97.147
352,Barnabe,Tuddall,btuddall9r@odnoklassniki.ru,Male,130.139.196.27
353,Riobard,Chominski,rchominski9s@shareasale.com,Male,253.85.38.52
354,Dorry,Siddeley,dsiddeley9t@npr.org,Female,0.93.64.68
355,Winna,Mewis,wmewis9u@virginia.edu,Female,173.188.92.116
356,Gertrudis,Zemler,gzemler9v@wikimedia.org,Female,73.153.19.191
357,Matilde,Mazella,mmazella9w@baidu.com,Female,140.230.103.92
358,Claudell,Butler,cbutler9x@flickr.com,Male,224.52.130.120
359,Flin,Gutridge,fgutridge9y@wunderground.com,Male,248.85.43.29
360,Deni,Carnow,dcarnow9z@hostgator.com,Female,177.96.195.135
361,Kerianne,Farrens,kfarrensa0@who.int,Female,61.156.52.48
362,Ellary,Hundy,ehundya1@mapquest.com,Male,212.112.141.37
363,Kellby,Elsmore,kelsmorea2@dot.gov,Male,44.65.58.229
364,Edeline,Biddlestone,ebiddlestonea3@devhub.com,Female,226.160.179.207
365,Magdalena,Plewman,mplewmana4@cloudflare.com,Female,73.245.114.255
366,Christoph,Leguay,cleguaya5@elpais.com,Male,175.241.110.148
367,Erminia,Walburn,ewalburna6@webeden.co.uk,Female,173.214.46.224
368,Benedikta,Ickeringill,bickeringilla7@parallels.com,Female,25.132.207.47
369,Fons,Haggerstone,fhaggerstonea8@51.la,Male,144.31.128.5
370,Quincy,Havoc,qhavoca9@theglobeandmail.com,Male,89.206.3.147
371,Hilde,Idel,hidelaa@altervista.org,Female,234.157.70.74
372,Erich,Ceresa,eceresaab@ed.gov,Male,68.103.201.89
373,Broderic,Bouller,bboullerac@nba.com,Male,11.66.40.233
374,Nessa,Kondrat,nkondratad@nifty.com,Female,151.216.15.142
375,Frederico,Melarkey,fmelarkeyae@house.gov,Male,217.207.161.104
376,Wake,Lowndsborough,wlowndsboroughaf@berkeley.edu,Male,147.239.129.157
377,Evaleen,Chrismas,echrismasag@bbb.org,Female,33.176.204.228
378,Garreth,Dietsche,gdietscheah@epa.gov,Male,184.166.208.191
379,Collin,Rippingall,crippingallai@utexas.edu,Male,214.191.4.30
380,Gerome,Wetherhead,gwetherheadaj@about.me,Male,54.146.188.252
381,Elianore,Russan,erussanak@mit.edu,Female,250.134.195.66
382,Elijah,Hazeldene,ehazeldeneal@wp.com,Male,196.112.254.125
383,Dyana,Wallbank,dwallbankam@adobe.com,Female,196.86.255.151
384,Krispin,Beadham,kbeadhaman@wikipedia.org,Male,103.208.132.47
385,Aksel,Ratray,aratrayao@prlog.org,Male,143.198.35.170
386,Forrester,Trayton,ftraytonap@wisc.edu,Male,125.234.38.39
387,Alameda,Van Weedenburg,avanweedenburgaq@epa.gov,Female,132.69.149.249
388,Dino,Philipps,dphilippsar@acquirethisname.com,Male,59.38.86.206
389,Nil,MacKettrick,nmackettrickas@ed.gov,Male,140.170.38.220
390,Gianina,Barlass,gbarlassat@yellowpages.com,Female,4.205.194.129
391,Harlie,Cullity,hcullityau@yellowbook.com,Female,114.74.46.228
392,Tildy,Jewett,tjewettav@twitter.com,Female,170.0.12.160
393,Laverne,Faithorn,lfaithornaw@google.nl,Female,82.142.171.131
394,Eleonora,Carwithim,ecarwithimax@taobao.com,Female,88.54.69.38
395,Nariko,Henrys,nhenrysay@ibm.com,Female,95.36.56.81
396,Yanaton,Clare,yclareaz@wisc.edu,Male,51.30.15.58
397,Amalea,Marshland,amarshlandb0@php.net,Female,113.239.200.124
398,Gussie,Callery,gcalleryb1@wordpress.com,Female,234.115.91.228
399,Dannel,McGarry,dmcgarryb2@blogtalkradio.com,Male,24.206.117.78
400,Lucien,Considine,lconsidineb3@squidoo.com,Male,192.189.179.146
401,Jourdain,Blair,jblairb4@naver.com,Male,63.48.118.106
402,Eduardo,Covely,ecovelyb5@cargocollective.com,Male,187.52.187.165
403,Karlis,Castree,kcastreeb6@slashdot.org,Male,3.131.149.151
404,Lauraine,Aslet,lasletb7@topsy.com,Female,127.29.76.252
405,Bronnie,Temlett,btemlettb8@smugmug.com,Male,37.84.255.119
406,Cirilo,Fieldsend,cfieldsendb9@stanford.edu,Male,148.83.90.175
407,Trstram,Corss,tcorssba@senate.gov,Male,55.155.119.167
408,Demetre,Showering,dshoweringbb@odnoklassniki.ru,Male,184.254.93.69
409,Karalee,Withams,kwithamsbc@slate.com,Female,248.93.49.117
410,Carlotta,Iacobetto,ciacobettobd@hubpages.com,Female,124.31.130.0
411,Cherrita,Rainard,crainardbe@comsenz.com,Female,38.15.102.83
412,Tara,Canfield,tcanfieldbf@tuttocitta.it,Female,255.161.124.188
413,Pooh,Lindup,plindupbg@patch.com,Female,140.98.67.77
414,Marshall,Beeke,mbeekebh@mail.ru,Male,148.191.217.88
415,Delaney,Lembcke,dlembckebi@mlb.com,Male,253.98.165.98
416,Meir,Harvison,mharvisonbj@loc.gov,Male,123.102.62.165
417,Constancia,Kalinovich,ckalinovichbk@ucoz.com,Female,177.214.27.255
418,Betta,Rolls,brollsbl@ning.com,Female,248.248.33.0
419,Kevin,Gisby,kgisbybm@nationalgeographic.com,Male,189.49.14.60
420,Cam,Cretney,ccretneybn@oaic.gov.au,Male,212.235.211.176
421,Meggie,Pudney,mpudneybo@quantcast.com,Female,153.58.80.130
422,Jessy,Harly,jharlybp@nasa.gov,Female,50.200.52.238
423,Obediah,Tripe,otripebq@smh.com.au,Male,167.58.58.66
424,Orbadiah,Cotgrave,ocotgravebr@miibeian.gov.cn,Male,243.3.27.252
425,Joseph,Seviour,jseviourbs@arizona.edu,Male,29.127.17.242
426,Gualterio,Chancellor,gchancellorbt@vistaprint.com,Male,198.247.109.170
427,Harland,McTerry,hmcterrybu@engadget.com,Male,186.69.153.30
428,Marchelle,Stolle,mstollebv@fema.gov,Female,133.108.74.27
429,Paige,Winterbottom,pwinterbottombw@addthis.com,Male,76.55.112.20
430,Ruthe,Wise,rwisebx@chronoengine.com,Female,171.36.79.214
431,Glennie,Tytcomb,gtytcombby@ca.gov,Female,213.60.121.227
432,Yehudi,Tittletross,ytittletrossbz@geocities.jp,Male,168.93.89.5
433,Cecilius,Luxen,cluxenc0@nymag.com,Male,32.150.212.33
434,Obidiah,Ironside,oironsidec1@delicious.com,Male,150.217.202.25
435,Stavro,Phorsby,sphorsbyc2@stanford.edu,Male,39.52.11.111
436,Brigit,La Padula,blapadulac3@youtu.be,Female,197.29.66.61
437,Marylou,Antcliffe,mantcliffec4@artisteer.com,Female,188.184.129.32
438,Ashlee,Codling,acodlingc5@tumblr.com,Female,177.49.166.197
439,Janene,Grizard,jgrizardc6@usatoday.com,Female,252.37.58.240
440,Constanta,Jiroudek,cjiroudekc7@yale.edu,Female,221.73.219.7
441,Zachery,Mallaby,zmallabyc8@digg.com,Male,225.133.44.4
442,Clemmie,Cattini,ccattinic9@prweb.com,Male,60.211.31.243
443,Tobey,Grindrod,tgrindrodca@guardian.co.uk,Female,71.216.232.173
444,Hattie,Cerith,hcerithcb@dagondesign.com,Female,90.77.255.17
445,Barbara,Poppleston,bpopplestoncc@scientificamerican.com,Female,144.224.138.72
446,Mia,Francescone,mfrancesconecd@walmart.com,Female,245.108.34.208
447,Burlie,Cottell,bcottellce@nytimes.com,Male,118.121.164.202
448,Evania,Foynes,efoynescf@woothemes.com,Female,65.31.109.160
449,Charmane,Marrison,cmarrisoncg@umn.edu,Female,158.178.7.196
450,Brandise,Auchterlony,bauchterlonych@dedecms.com,Female,151.6.55.221
451,Manfred,Sor,msorci@cbsnews.com,Male,48.5.24.164
452,Maurita,Provis,mproviscj@blogtalkradio.com,Female,101.123.86.153
453,Brig,Golston,bgolstonck@wp.com,Male,47.145.165.70
454,Sandra,Caunt,scauntcl@indiatimes.com,Female,16.72.197.142
455,Ricardo,Sadlier,rsadliercm@squidoo.com,Male,109.12.75.251
456,Jaynell,Whines,jwhinescn@goo.gl,Female,180.225.206.242
457,Amory,Jamblin,ajamblinco@exblog.jp,Male,156.155.10.131
458,Hector,Alejandri,halejandricp@hibu.com,Male,113.183.195.239
459,Moritz,Brunke,mbrunkecq@sakura.ne.jp,Male,198.226.144.169
460,Sylvan,Alexis,salexiscr@umich.edu,Male,124.22.178.228
461,Zia,Kermon,zkermoncs@symantec.com,Female,153.50.154.10
462,Samuel,Geraud,sgeraudct@princeton.edu,Male,234.230.156.185
463,Kym,Stannah,kstannahcu@mysql.com,Female,171.34.242.168
464,Suzette,Planque,splanquecv@nba.com,Female,178.81.158.9
465,Monica,Falconbridge,mfalconbridgecw@reference.com,Female,173.102.165.230
466,Upton,Norkett,unorkettcx@reddit.com,Male,71.228.76.123
467,Constantin,Poole,cpoolecy@eepurl.com,Male,7.113.136.125
468,Elke,Sanderson,esandersoncz@privacy.gov.au,Female,138.190.221.37
469,Matthew,Dignan,mdignand0@timesonline.co.uk,Male,252.172.210.238
470,Winfield,Lush,wlushd1@unicef.org,Male,252.40.241.76
471,Brita,Bricham,bbrichamd2@github.io,Female,66.143.88.22
472,Shayna,Pyford,spyfordd3@behance.net,Female,222.68.16.132
473,Adele,Halesworth,ahalesworthd4@msn.com,Female,28.40.78.135
474,Genvieve,Lytle,glytled5@bbc.co.uk,Female,18.233.84.27
475,Winni,Swine,wswined6@lycos.com,Female,213.149.150.135
476,Dredi,Spikeings,dspikeingsd7@amazon.co.uk,Female,74.24.145.185
477,Ferdy,Jewitt,fjewittd8@so-net.ne.jp,Male,243.27.83.152
478,Luis,Fiddy,lfiddyd9@arstechnica.com,Male,28.108.67.87
479,Zachary,Corington,zcoringtonda@hao123.com,Male,59.254.1.245
480,Ervin,Hawkshaw,ehawkshawdb@homestead.com,Male,11.141.54.15
481,Randi,Fortin,rfortindc@fc2.com,Male,37.241.5.166
482,Dominick,Ommundsen,dommundsendd@purevolume.com,Male,112.19.201.209
483,Lanni,Neaves,lneavesde@google.cn,Female,157.71.82.89
484,Sydelle,Bollum,sbollumdf@homestead.com,Female,98.179.88.6
485,Roselin,Rucklesse,rrucklessedg@artisteer.com,Female,222.50.199.235
486,Maurise,Pashe,mpashedh@abc.net.au,Male,146.210.159.241
487,Sal,Pherps,spherpsdi@tumblr.com,Male,189.32.86.93
488,Winifred,Reaper,wreaperdj@amazonaws.com,Female,144.176.160.135
489,Winfield,Crighton,wcrightondk@slideshare.net,Male,151.92.159.130
490,Goran,Shephard,gshepharddl@1und1.de,Male,233.203.39.109
491,Kevan,Dreher,kdreherdm@cbsnews.com,Male,117.56.94.246
492,Kendell,Casterou,kcasteroudn@angelfire.com,Male,14.159.73.161
493,Lurleen,Antoszewski,lantoszewskido@harvard.edu,Female,20.121.171.207
494,Vinnie,Postill,vpostilldp@pcworld.com,Male,242.204.208.125
495,Stormi,Moule,smouledq@accuweather.com,Female,32.79.125.19
496,Waite,Chrippes,wchrippesdr@domainmarket.com,Male,4.139.161.6
497,Ina,Pates,ipatesds@about.com,Female,141.16.167.33
498,Auria,Olufsen,aolufsendt@skype.com,Female,236.139.215.103
499,Chauncey,Keig,ckeigdu@friendfeed.com,Male,117.254.53.6
500,Cordell,Seaward,cseawarddv@newsvine.com,Male,216.242.84.67
501,Lavena,Erni,lernidw@discuz.net,Female,63.2.195.100
502,Timmie,Potbury,tpotburydx@cnn.com,Female,120.210.183.178
503,Sigismund,People,speopledy@yellowpages.com,Male,186.70.223.160
504,Edie,Anstiss,eanstissdz@stumbleupon.com,Female,151.55.52.187
505,Maren,Von Oertzen,mvonoertzene0@bloomberg.com,Female,205.128.140.82
506,Alfreda,Hendrichs,ahendrichse1@lycos.com,Female,247.146.43.60
507,Redford,Colls,rcollse2@yale.edu,Male,88.172.237.50
508,Beth,Olczyk,bolczyke3@springer.com,Female,210.164.108.35
509,Babb,Yvon,byvone4@abc.net.au,Female,22.93.222.229
510,Nola,Logsdale,nlogsdalee5@nyu.edu,Female,223.77.35.156
511,Elmore,Fairbanks,efairbankse6@wiley.com,Male,42.101.6.210
512,Eduard,Joliffe,ejoliffee7@uiuc.edu,Male,137.13.76.178
513,Nollie,Hellcat,nhellcate8@unicef.org,Male,132.47.13.224
514,Leslie,Grewar,lgreware9@dion.ne.jp,Female,21.162.131.25
515,Raynor,Poulney,rpoulneyea@paginegialle.it,Male,176.255.38.2
516,Antone,Budnik,abudnikeb@altervista.org,Male,121.2.186.81
517,Ray,Arnely,rarnelyec@linkedin.com,Male,11.87.35.20
518,Doria,Woolham,dwoolhamed@unblog.fr,Female,9.159.128.78
519,Chico,Brenard,cbrenardee@mozilla.com,Male,32.41.15.82
520,Jaquith,Toner,jtoneref@reuters.com,Female,222.174.124.23
521,Temp,Sidebotton,tsidebottoneg@sakura.ne.jp,Male,211.165.83.202
522,Dulcinea,Perigoe,dperigoeeh@geocities.com,Female,165.157.250.140
523,Alf,Blant,ablantei@cyberchimps.com,Male,170.231.80.47
524,Bink,Graham,bgrahamej@google.cn,Male,62.52.77.21
525,Cassandra,Bruhnke,cbruhnkeek@nps.gov,Female,48.134.89.166
526,Dotti,Pettengell,dpettengellel@vinaora.com,Female,125.211.182.58
527,Tommy,MacIlraith,tmacilraithem@indiegogo.com,Female,128.68.176.138
528,Brien,Oxtarby,boxtarbyen@un.org,Male,242.52.142.36
529,Elisa,Orme,eormeeo@princeton.edu,Female,238.127.206.209
530,Cirstoforo,Cuseck,ccuseckep@npr.org,Male,191.214.123.199
531,Thibaud,McLauchlin,tmclauchlineq@gov.uk,Male,121.248.22.58
532,Nike,Donaway,ndonawayer@ca.gov,Female,78.123.238.193
533,Port,Vakhrushin,pvakhrushines@mapy.cz,Male,37.37.63.9
534,Audra,Eicke,aeickeet@nba.com,Female,143.33.112.115
535,Ezmeralda,Parnaby,eparnabyeu@infoseek.co.jp,Female,54.191.33.174
536,Vivie,Widdison,vwiddisonev@blogger.com,Female,125.11.158.104
537,Bobbette,Abrahmer,babrahmerew@behance.net,Female,10.144.17.100
538,Meir,Grinikhinov,mgrinikhinovex@ihg.com,Male,250.16.39.58
539,Enrico,Candish,ecandishey@google.com.br,Male,115.28.114.198
540,Sidonnie,Drayton,sdraytonez@amazon.co.jp,Female,239.162.125.132
541,Garrek,Tracey,gtraceyf0@sphinn.com,Male,160.239.68.54
542,Barbara-anne,Duetschens,bduetschensf1@bbb.org,Female,179.65.121.4
543,Gusella,Starsmeare,gstarsmearef2@baidu.com,Female,148.249.54.158
544,Patricio,Tollemache,ptollemachef3@youku.com,Male,111.50.68.117
545,Miner,Piell,mpiellf4@google.es,Male,155.152.122.127
546,April,Sills,asillsf5@nature.com,Female,235.147.127.234
547,Fons,Martin,fmartinf6@mayoclinic.com,Male,83.20.177.50
548,Adolphe,Bridge,abridgef7@discovery.com,Male,97.182.35.178
549,Manya,McGeneay,mmcgeneayf8@rediff.com,Female,15.223.230.49
550,Aguie,Lattka,alattkaf9@hc360.com,Male,241.239.106.98
551,Moritz,Vallow,mvallowfa@yahoo.co.jp,Male,21.128.171.102
552,Floria,Odeson,fodesonfb@exblog.jp,Female,56.180.243.248
553,Fulton,Chantrell,fchantrellfc@psu.edu,Male,82.124.82.175
554,Eddie,Whetland,ewhetlandfd@economist.com,Male,18.190.136.135
555,Gustie,Goldbourn,ggoldbournfe@imageshack.us,Female,158.19.208.223
556,Thorndike,Belliard,tbelliardff@google.com.hk,Male,181.128.137.244
557,Hugo,Lulham,hlulhamfg@fc2.com,Male,170.56.108.54
558,Stefano,Tonnesen,stonnesenfh@nydailynews.com,Male,170.70.240.23
559,Nevsa,Haddock,nhaddockfi@zdnet.com,Female,65.33.157.76
560,Kristofer,Bill,kbillfj@exblog.jp,Male,120.57.158.204
561,Adelaide,Harg,ahargfk@shutterfly.com,Female,110.155.196.67
562,Ashlee,Gribben,agribbenfl@php.net,Female,207.62.148.152
563,North,Ryde,nrydefm@scribd.com,Male,162.15.158.36
564,Spike,Ferrieroi,sferrieroifn@skyrock.com,Male,76.158.65.227
565,Prentice,Macconachy,pmacconachyfo@tamu.edu,Male,54.60.77.111
566,Ara,Boncoeur,aboncoeurfp@digg.com,Male,128.90.8.9
567,Fraser,Ellor,fellorfq@xing.com,Male,34.26.19.81
568,Rachele,Giraudou,rgiraudoufr@ft.com,Female,163.254.95.52
569,Justina,Cathel,jcathelfs@oaic.gov.au,Female,208.162.50.35
570,Mitzi,Seif,mseifft@scientificamerican.com,Female,238.66.87.200
571,Emmy,Foad,efoadfu@accuweather.com,Female,110.58.48.253
572,Kathie,Bartali,kbartalifv@answers.com,Female,109.233.36.132
573,Nev,Bratch,nbratchfw@zimbio.com,Male,236.185.223.249
574,Kara-lynn,McMahon,kmcmahonfx@washingtonpost.com,Female,126.21.250.48
575,Marco,Renzini,mrenzinify@feedburner.com,Male,33.242.25.46
576,Ned,Basek,nbasekfz@privacy.gov.au,Male,152.50.215.98
577,Cesaro,Ohrtmann,cohrtmanng0@tuttocitta.it,Male,252.141.154.52
578,Obie,Struys,ostruysg1@github.io,Male,56.247.169.10
579,Franky,Spensley,fspensleyg2@ftc.gov,Male,23.196.79.161
580,Clare,Bockh,cbockhg3@oaic.gov.au,Male,79.228.138.99
581,Emanuel,Paull,epaullg4@canalblog.com,Male,224.173.136.188
582,Cynde,Pennock,cpennockg5@tripod.com,Female,244.165.91.2
583,Kerby,Stackbridge,kstackbridgeg6@eepurl.com,Male,35.91.20.88
584,Bette-ann,Chinnick,bchinnickg7@tamu.edu,Female,250.216.149.152
585,Mireille,Wooler,mwoolerg8@blogs.com,Female,164.182.237.166
586,Dalenna,Pitkin,dpitking9@whitehouse.gov,Female,114.54.46.129
587,Ivar,Snary,isnaryga@reddit.com,Male,105.241.137.173
588,Shari,Malecky,smaleckygb@xing.com,Female,177.163.25.247
589,Heath,Gregoratti,hgregorattigc@indiatimes.com,Male,60.91.34.97
590,Shamus,Dumper,sdumpergd@smugmug.com,Male,214.38.56.23
591,Alice,Dally,adallyge@java.com,Female,164.88.54.134
592,Ruby,Pollie,rpolliegf@bloomberg.com,Female,90.21.126.1
593,Haleigh,Brittoner,hbrittonergg@redcross.org,Female,179.198.35.67
594,Felizio,Silson,fsilsongh@mozilla.com,Male,255.93.234.236
595,Butch,Leivers,bleiversgi@addthis.com,Male,124.179.188.128
596,Guillaume,Louder,gloudergj@barnesandnoble.com,Male,45.112.118.216
597,Anthea,Lemonnier,alemonniergk@usgs.gov,Female,139.127.129.139
598,Leta,Cordelet,lcordeletgl@webs.com,Female,174.189.233.152
599,Alfonse,Woodruff,awoodruffgm@umn.edu,Male,28.207.5.248
600,Regan,Danihel,rdanihelgn@go.com,Female,151.222.175.70
601,Aurie,Mundee,amundeego@alibaba.com,Female,166.108.87.248
602,Auroora,Tuppeny,atuppenygp@slashdot.org,Female,50.93.107.17
603,Quintina,Antonietti,qantoniettigq@slideshare.net,Female,4.12.101.124
604,Paddie,O'Neal,ponealgr@prweb.com,Male,23.253.149.246
605,James,Edgworth,jedgworthgs@google.com,Male,227.146.25.2
606,Seward,Lafond,slafondgt@bloglovin.com,Male,66.147.90.51
607,Roxane,Euler,reulergu@businesswire.com,Female,159.66.121.25
608,Toma,Redholls,tredhollsgv@flavors.me,Female,9.191.199.87
609,Carroll,Burree,cburreegw@latimes.com,Female,181.223.217.95
610,Joshuah,Dafforne,jdaffornegx@vkontakte.ru,Male,166.244.0.4
611,Judy,Kidder,jkiddergy@comcast.net,Female,67.181.219.222
612,Fin,Purrier,fpurriergz@vistaprint.com,Male,173.158.123.246
613,Bran,Chichgar,bchichgarh0@fda.gov,Male,198.227.208.71
614,Silas,Aicken,saickenh1@indiegogo.com,Male,205.182.169.112
615,Christalle,Barneveld,cbarneveldh2@seesaa.net,Female,205.170.89.90
616,Eddie,Aldam,ealdamh3@miibeian.gov.cn,Female,67.54.198.43
617,Flor,Coalburn,fcoalburnh4@mtv.com,Female,166.81.23.1
618,Melany,Trevascus,mtrevascush5@java.com,Female,175.219.241.234
619,Valentin,Mastrantone,vmastrantoneh6@narod.ru,Male,192.169.136.218
620,Valery,Fontelles,vfontellesh7@typepad.com,Female,160.162.222.40
621,Joshua,Dignan,jdignanh8@simplemachines.org,Male,186.152.212.51
622,Goldi,Stillmann,gstillmannh9@list-manage.com,Female,6.193.24.1
623,Seamus,Brettelle,sbrettelleha@opera.com,Male,61.199.4.221
624,Tanya,Hasney,thasneyhb@cyberchimps.com,Female,249.230.199.28
625,Nixie,Chishull,nchishullhc@nasa.gov,Female,129.152.164.84
626,Valeria,Godfery,vgodferyhd@npr.org,Female,74.73.51.65
627,Skipp,Shotboult,sshotboulthe@dion.ne.jp,Male,238.198.132.217
628,Jacquette,Thoumas,jthoumashf@unc.edu,Female,209.150.54.255
629,Elias,Swanger,eswangerhg@intel.com,Male,59.198.64.198
630,Dagmar,Lorryman,dlorrymanhh@time.com,Female,138.195.100.182
631,Roderich,Newlands,rnewlandshi@nsw.gov.au,Male,136.43.226.64
632,Bill,Gouthier,bgouthierhj@github.com,Male,124.218.21.38
633,Roxanne,Slyman,rslymanhk@lycos.com,Female,162.199.172.133
634,Lindon,Bovey,lboveyhl@rakuten.co.jp,Male,7.175.161.128
635,Susan,Tummasutti,stummasuttihm@multiply.com,Female,117.34.224.192
636,Margarita,Slewcock,mslewcockhn@mail.ru,Female,73.16.47.108
637,Erek,Pietrowski,epietrowskiho@friendfeed.com,Male,20.141.155.254
638,Richmound,Wigglesworth,rwigglesworthhp@wordpress.org,Male,55.140.148.74
639,Dominique,Byrch,dbyrchhq@nsw.gov.au,Male,11.15.42.227
640,Killian,Tesimon,ktesimonhr@ebay.com,Male,209.145.238.56
641,Obadias,Siebart,osiebarths@tinyurl.com,Male,164.92.51.91
642,Nathan,Louiset,nlouisetht@ezinearticles.com,Male,246.157.76.62
643,Clim,Ashley,cashleyhu@is.gd,Male,74.217.245.200
644,Page,Hiddsley,phiddsleyhv@hugedomains.com,Female,93.169.201.179
645,Arleen,Skydall,askydallhw@pcworld.com,Female,28.137.202.47
646,Burke,Huddleston,bhuddlestonhx@123-reg.co.uk,Male,94.244.55.188
647,Joeann,Botterell,jbotterellhy@princeton.edu,Female,161.142.85.31
648,Cathrine,Axworthy,caxworthyhz@purevolume.com,Female,245.150.184.137
649,Tallulah,McCaughan,tmccaughani0@nba.com,Female,74.167.134.205
650,Jackie,Benford,jbenfordi1@spotify.com,Male,88.152.203.78
651,Bess,Oley,boleyi2@berkeley.edu,Female,139.17.99.212
652,Washington,Lamond,wlamondi3@thetimes.co.uk,Male,217.72.106.87
653,Nyssa,Hagan,nhagani4@blinklist.com,Female,17.214.188.55
654,Goldie,Tesdale,gtesdalei5@disqus.com,Female,16.57.144.242
655,Eadie,Coots,ecootsi6@shop-pro.jp,Female,152.50.111.180
656,Therine,Gozzard,tgozzardi7@redcross.org,Female,19.63.173.158
657,Candy,Perrie,cperriei8@omniture.com,Female,162.73.245.0
658,Tabbatha,Bartholomew,tbartholomewi9@altervista.org,Female,230.9.163.169
659,Barb,Yuille,byuilleia@state.tx.us,Female,86.39.102.25
660,Gregorius,Kroin,gkroinib@blogspot.com,Male,144.140.81.64
661,Allie,Melbourn,amelbournic@shutterfly.com,Male,63.40.41.72
662,Brose,Sopper,bsopperid@delicious.com,Male,187.253.180.132
663,Haley,Stothert,hstothertie@flavors.me,Male,126.194.188.211
664,Ilse,Wickwar,iwickwarif@tumblr.com,Female,221.19.90.115
665,Lucy,Rooksby,lrooksbyig@tmall.com,Female,55.210.119.90
666,Burton,Vaune,bvauneih@miibeian.gov.cn,Male,2.215.125.103
667,Robin,Futcher,rfutcherii@dion.ne.jp,Female,125.87.40.236
668,Clarke,Jime,cjimeij@unesco.org,Male,203.46.190.234
669,Elbertine,Fulker,efulkerik@flavors.me,Female,52.246.174.151
670,Veradis,Dowden,vdowdenil@kickstarter.com,Female,3.171.71.101
671,Robinetta,Bellfield,rbellfieldim@shop-pro.jp,Female,141.1.86.141
672,Correy,Phin,cphinin@goo.ne.jp,Male,95.124.240.103
673,Angelico,Goeff,agoeffio@github.io,Male,15.44.87.67
674,Briano,Mallinson,bmallinsonip@upenn.edu,Male,114.108.182.171
675,Randie,Boater,rboateriq@blogger.com,Male,33.22.237.8
676,Mamie,Tomkiss,mtomkissir@mtv.com,Female,231.193.188.114
677,Englebert,Moorrud,emoorrudis@storify.com,Male,32.208.45.51
678,Nathanael,Gleadle,ngleadleit@google.com.br,Male,62.105.186.186
679,Maible,Morritt,mmorrittiu@nsw.gov.au,Female,122.4.2.30
680,Raymond,Haverty,rhavertyiv@seattletimes.com,Male,122.245.171.150
681,Juanita,Munsey,jmunseyiw@marketwatch.com,Female,185.156.5.111
682,Blancha,Graysmark,bgraysmarkix@i2i.jp,Female,99.186.15.21
683,Hulda,Stratten,hstratteniy@mashable.com,Female,159.105.59.228
684,Killie,Messham,kmesshamiz@unblog.fr,Male,47.150.91.174
685,Keelby,Kuschek,kkuschekj0@yale.edu,Male,175.183.115.177
686,Zsazsa,McCard,zmccardj1@weather.com,Female,226.208.94.56
687,Raimundo,Greetham,rgreethamj2@unblog.fr,Male,136.156.235.61
688,Sheba,Frankowski,sfrankowskij3@foxnews.com,Female,40.131.3.15
689,Stanfield,Hallgalley,shallgalleyj4@hostgator.com,Male,182.53.137.216
690,Flo,Haughian,fhaughianj5@ft.com,Female,161.180.31.33
691,Lutero,Tomkins,ltomkinsj6@desdev.cn,Male,119.79.210.46
692,Danella,Haccleton,dhaccletonj7@photobucket.com,Female,128.3.47.229
693,Izaak,Hedgeley,ihedgeleyj8@mozilla.com,Male,220.50.19.19
694,Michal,Delbergue,mdelberguej9@infoseek.co.jp,Male,59.88.110.254
695,Dale,Lammin,dlamminja@wp.com,Female,10.214.154.226
696,Trevor,Nouch,tnouchjb@hao123.com,Male,120.41.236.97
697,Lilias,Bastow,lbastowjc@omniture.com,Female,213.239.180.131
698,Sol,Fosdick,sfosdickjd@slideshare.net,Male,251.109.143.74
699,Vincenty,Ahmed,vahmedje@360.cn,Male,185.140.228.63
700,Lorie,Liveing,lliveingjf@addthis.com,Female,118.184.195.247
701,Olia,Gelletly,ogelletlyjg@freewebs.com,Female,230.7.219.9
702,Carmine,Guillotin,cguillotinjh@sphinn.com,Female,62.79.15.14
703,Issi,Elderfield,ielderfieldji@printfriendly.com,Female,57.203.139.123
704,Valdemar,Birkett,vbirkettjj@umich.edu,Male,156.147.163.49
705,Prudi,Magrannell,pmagrannelljk@xrea.com,Female,205.154.10.135
706,Nevile,Larenson,nlarensonjl@nps.gov,Male,86.7.160.176
707,Alyse,Rumens,arumensjm@xinhuanet.com,Female,204.21.237.1
708,Fred,Ferrari,fferrarijn@people.com.cn,Female,180.215.30.63
709,Geoffry,Ferschke,gferschkejo@google.fr,Male,69.109.112.62
710,Mathew,Beagrie,mbeagriejp@rediff.com,Male,124.69.72.207
711,Kiri,Tigner,ktignerjq@quantcast.com,Female,173.217.142.37
712,Aridatha,Madeley,amadeleyjr@wsj.com,Female,221.139.74.93
713,Athena,Eckley,aeckleyjs@state.gov,Female,101.207.156.95
714,Geri,Pash,gpashjt@ehow.com,Male,131.98.115.130
715,Justen,Ditchburn,jditchburnju@so-net.ne.jp,Male,120.248.147.104
716,Nicko,Cello,ncellojv@google.co.uk,Male,63.235.3.27
717,Eliot,Snelman,esnelmanjw@creativecommons.org,Male,43.55.78.144
718,Karee,Bugg,kbuggjx@livejournal.com,Female,43.28.100.98
719,Kleon,Tatteshall,ktatteshalljy@ox.ac.uk,Male,33.177.84.88
720,Carolann,Devanney,cdevanneyjz@nature.com,Female,250.47.190.51
721,Pat,Gliddon,pgliddonk0@samsung.com,Female,243.90.88.158
722,Anna-maria,Benyon,abenyonk1@apple.com,Female,12.242.59.57
723,Jacinthe,Ferson,jfersonk2@w3.org,Female,226.163.163.15
724,Mayor,Paumier,mpaumierk3@boston.com,Male,47.38.104.255
725,Imogen,Borres,iborresk4@flavors.me,Female,211.53.240.147
726,Irv,Oglesbee,ioglesbeek5@last.fm,Male,56.15.88.12
727,Brunhilda,Benmore,bbenmorek6@nba.com,Female,149.224.114.191
728,Cletis,Romaines,cromainesk7@reuters.com,Male,44.24.138.242
729,Sibylle,Oakshott,soakshottk8@amazon.co.jp,Female,210.18.109.255
730,Nadean,Campos,ncamposk9@fotki.com,Female,170.106.70.127
731,Alvinia,Pauli,apaulika@oaic.gov.au,Female,9.165.175.123
732,Eamon,Pyne,epynekb@unicef.org,Male,158.137.47.99
733,Shellie,Bolsover,sbolsoverkc@soup.io,Female,226.249.235.110
734,Darby,Kemp,dkempkd@domainmarket.com,Male,21.201.248.43
735,Warren,MacArte,wmacarteke@flavors.me,Male,190.139.61.221
736,Gil,Eschalette,geschalettekf@quantcast.com,Male,200.231.179.2
737,Georgine,Newton,gnewtonkg@sohu.com,Female,77.45.53.128
738,Reynold,Chalk,rchalkkh@drupal.org,Male,53.49.10.90
739,Ginevra,Benois,gbenoiski@de.vu,Female,54.229.231.108
740,Bettye,Barnshaw,bbarnshawkj@fema.gov,Female,196.161.84.10
741,Rosanne,Leyshon,rleyshonkk@netlog.com,Female,208.248.176.223
742,Melisande,Mish,mmishkl@hubpages.com,Female,228.223.25.215
743,Gale,Bedbrough,gbedbroughkm@1und1.de,Male,2.167.49.214
744,Katinka,Knowlys,kknowlyskn@seesaa.net,Female,249.16.139.180
745,Erma,Cuzen,ecuzenko@gmpg.org,Female,138.60.182.175
746,Debby,Bransdon,dbransdonkp@github.com,Female,22.78.255.182
747,Henry,Revington,hrevingtonkq@bandcamp.com,Male,151.20.238.105
748,Ernst,Antoinet,eantoinetkr@adobe.com,Male,120.185.199.185
749,Georgeanne,Delgardo,gdelgardoks@cnet.com,Female,125.79.227.128
750,Gawain,Keast,gkeastkt@pbs.org,Male,59.11.178.118
751,Korney,Twort,ktwortku@people.com.cn,Female,11.249.116.16
752,Minni,Cluckie,mcluckiekv@comcast.net,Female,190.9.152.111
753,Zilvia,Searjeant,zsearjeantkw@europa.eu,Female,22.103.69.99
754,Tami,Palleske,tpalleskekx@oracle.com,Female,45.207.141.183
755,Errick,Samsonsen,esamsonsenky@apache.org,Male,227.106.69.131
756,Bernardine,Spight,bspightkz@princeton.edu,Female,79.243.230.234
757,Randolf,Bartalin,rbartalinl0@ifeng.com,Male,175.10.0.221
758,Moira,Normanvill,mnormanvilll1@ifeng.com,Female,37.3.12.244
759,Deni,Harber,dharberl2@soundcloud.com,Female,217.106.45.105
760,Adrian,Bruckner,abrucknerl3@wikispaces.com,Male,161.199.219.3
761,Josi,Argo,jargol4@army.mil,Female,69.199.45.193
762,Clevey,Farryan,cfarryanl5@npr.org,Male,221.18.120.32
763,Yorker,Greenstead,ygreensteadl6@hexun.com,Male,113.145.132.180
764,Barrie,Gherarducci,bgherarduccil7@hp.com,Female,244.24.222.219
765,Rudy,Jelk,rjelkl8@lulu.com,Male,36.197.220.239
766,Tine,Morot,tmorotl9@ovh.net,Female,44.188.186.91
767,Tremayne,Heinritz,theinritzla@tuttocitta.it,Male,181.250.121.103
768,Tamarra,Feasby,tfeasbylb@goo.ne.jp,Female,117.149.49.240
769,Marybelle,Saunders,msaunderslc@sourceforge.net,Female,52.129.161.155
770,Haslett,Dimmer,hdimmerld@macromedia.com,Male,75.100.196.39
771,Becca,Lakes,blakesle@so-net.ne.jp,Female,150.166.254.224
772,Norri,Baggs,nbaggslf@flavors.me,Female,1.48.31.128
773,Shayne,Manoelli,smanoellilg@hugedomains.com,Female,202.150.210.54
774,Mead,Josifovic,mjosifoviclh@salon.com,Female,190.176.239.252
775,Gertrud,Tillot,gtillotli@tripadvisor.com,Female,157.124.37.73
776,Federica,Dirr,fdirrlj@weather.com,Female,80.19.97.240
777,Gunner,Izzett,gizzettlk@wordpress.com,Male,90.55.99.227
778,Eugenia,Knowlson,eknowlsonll@instagram.com,Female,211.200.75.249
779,Silvana,Bishopp,sbishopplm@china.com.cn,Female,36.63.39.38
780,Sabrina,McTurley,smcturleyln@slate.com,Female,146.123.101.66
781,Dari,Ffoulkes,dffoulkeslo@tumblr.com,Female,244.246.0.182
782,Lulita,Manueau,lmanueaulp@narod.ru,Female,205.14.219.130
783,Berrie,Kaas,bkaaslq@ca.gov,Female,36.163.196.39
784,Katusha,Gasperi,kgasperilr@miibeian.gov.cn,Female,67.233.199.40
785,Cher,Seakin,cseakinls@senate.gov,Female,83.68.92.161
786,Ax,Heistermann,aheistermannlt@ebay.co.uk,Male,70.140.69.102
787,Laurianne,Morley,lmorleylu@mysql.com,Female,118.5.111.178
788,Lewiss,Arthy,larthylv@ucoz.ru,Male,125.55.240.6
789,Rivi,Pallent,rpallentlw@edublogs.org,Female,12.65.63.239
790,Patrizius,Schiementz,pschiementzlx@whitehouse.gov,Male,166.151.171.168
791,Patrick,Knapton,pknaptonly@wikipedia.org,Male,152.246.139.124
792,Kylen,Lynn,klynnlz@cafepress.com,Female,224.226.29.112
793,Karena,Scoular,kscoularm0@live.com,Female,74.171.7.199
794,Skippie,Rossoni,srossonim1@rambler.ru,Male,39.50.13.89
795,Lonni,Chaikovski,lchaikovskim2@wikia.com,Female,197.138.254.193
796,Neall,Cruickshank,ncruickshankm3@slashdot.org,Male,168.185.120.88
797,Griz,Houldcroft,ghouldcroftm4@imageshack.us,Male,60.156.55.185
798,Birgit,MacNaughton,bmacnaughtonm5@va.gov,Female,29.221.142.23
799,Jarret,Corkish,jcorkishm6@last.fm,Male,78.110.169.159
800,Marcelle,Clementi,mclementim7@cdc.gov,Female,85.97.232.69
801,Cori,Bangham,cbanghamm8@boston.com,Male,210.155.144.193
802,Domingo,Ponsford,dponsfordm9@gmpg.org,Male,160.36.8.208
803,Mariquilla,Trollope,mtrollopema@census.gov,Female,46.110.184.52
804,Steffie,Greenard,sgreenardmb@usgs.gov,Female,182.176.26.119
805,Aurelea,Ganter,agantermc@nhs.uk,Female,136.242.48.8
806,Mile,Roussel,mrousselmd@fastcompany.com,Male,199.170.245.140
807,Dayle,Maty,dmatyme@jiathis.com,Female,218.112.168.200
808,Wesley,Gowrich,wgowrichmf@chicagotribune.com,Male,38.101.84.106
809,Lyndy,Rexworthy,lrexworthymg@nationalgeographic.com,Female,217.69.200.32
810,Toni,Bossons,tbossonsmh@joomla.org,Female,112.120.181.64
811,Yorgos,Iorio,yioriomi@answers.com,Male,121.77.123.170
812,Mischa,Elloy,melloymj@cisco.com,Male,14.74.219.202
813,Lishe,Fearnill,lfearnillmk@ed.gov,Female,253.170.27.113
814,Joela,Pele,jpeleml@answers.com,Female,173.111.241.206
815,Sonnie,Raynes,sraynesmm@chronoengine.com,Female,23.200.121.240
816,Percy,Kenrick,pkenrickmn@zimbio.com,Male,105.181.90.195
817,Martino,Zold,mzoldmo@discuz.net,Male,184.155.197.36
818,Juana,Meere,jmeeremp@vkontakte.ru,Female,250.202.26.21
819,Marylee,Ferencz,mferenczmq@intel.com,Female,181.32.239.28
820,Brigit,Dufer,bdufermr@infoseek.co.jp,Female,150.167.123.26
821,Griffin,Frain,gfrainms@gravatar.com,Male,98.111.149.251
822,Alberik,Waliszewski,awaliszewskimt@freewebs.com,Male,136.3.69.83
823,Madalyn,Bunner,mbunnermu@diigo.com,Female,214.45.59.64
824,Maude,Deval,mdevalmv@nih.gov,Female,79.189.139.179
825,Lynelle,Tiplady,ltipladymw@zdnet.com,Female,112.119.47.157
826,Mirilla,Waryk,mwarykmx@google.ca,Female,14.70.82.203
827,Blakeley,Mahony,bmahonymy@comcast.net,Female,148.247.152.217
828,Tiphani,Waberer,twaberermz@slate.com,Female,20.122.140.97
829,Claiborn,MacDearmid,cmacdearmidn0@typepad.com,Male,42.204.242.94
830,Kacie,Mingard,kmingardn1@seattletimes.com,Female,75.234.209.147
831,Errol,Jurges,ejurgesn2@booking.com,Male,200.238.254.188
832,Danna,Sayers,dsayersn3@devhub.com,Female,51.4.159.16
833,Hersch,Terrey,hterreyn4@youtu.be,Male,59.221.65.74
834,Steffi,Krelle,skrellen5@sitemeter.com,Female,181.155.36.253
835,Kaye,Rampton,kramptonn6@blogger.com,Female,9.182.145.108
836,Kingsly,Fawthrop,kfawthropn7@ox.ac.uk,Male,23.253.51.116
837,Charlotte,Tesdale,ctesdalen8@lulu.com,Female,189.97.223.71
838,Horacio,Walkington,hwalkingtonn9@123-reg.co.uk,Male,205.93.208.127
839,Kimbell,Witchalls,kwitchallsna@slate.com,Male,217.242.120.251
840,Gideon,Alexsandrev,galexsandrevnb@yahoo.co.jp,Male,29.235.62.245
841,Abran,Pride,apridenc@apple.com,Male,182.121.82.226
842,Pancho,LeEstut,pleestutnd@chronoengine.com,Male,66.105.194.131
843,Hobey,O'Cleary,hoclearyne@ifeng.com,Male,87.203.195.93
844,Allen,Clethro,aclethronf@cyberchimps.com,Male,165.13.253.223
845,Carie,Waldren,cwaldrenng@spotify.com,Female,81.248.141.184
846,Kassandra,Latus,klatusnh@stanford.edu,Female,128.253.127.183
847,Enid,Tiffany,etiffanyni@wufoo.com,Female,93.81.217.43
848,Natal,Aps,napsnj@npr.org,Male,191.39.26.251
849,Brockie,Caville,bcavillenk@nature.com,Male,181.171.73.102
850,Itch,Tarply,itarplynl@soundcloud.com,Male,110.171.174.29
851,Anatol,Siney,asineynm@walmart.com,Male,112.203.182.249
852,Federico,Marshalleck,fmarshallecknn@dot.gov,Male,206.139.214.216
853,Valenka,Brace,vbraceno@lycos.com,Female,222.55.101.119
854,Kriste,Satterly,ksatterlynp@icq.com,Female,199.80.144.111
855,Jackie,Kitlee,jkitleenq@sfgate.com,Male,109.206.54.39
856,Sebastien,Fernando,sfernandonr@youku.com,Male,170.51.250.75
857,Teddie,Readshaw,treadshawns@wikia.com,Male,151.201.151.17
858,Blinny,Aherne,bahernent@washington.edu,Female,79.209.10.118
859,Janina,More,jmorenu@discuz.net,Female,65.174.99.4
860,Claudio,Kirstein,ckirsteinnv@youtu.be,Male,8.165.36.59
861,Robinett,Jillings,rjillingsnw@usgs.gov,Female,212.126.30.117
862,Rochella,MacSkeagan,rmacskeagannx@elegantthemes.com,Female,245.254.29.156
863,Gelya,Holdron,gholdronny@hc360.com,Female,194.94.222.185
864,Henrik,Stranks,hstranksnz@squarespace.com,Male,208.58.136.7
865,Bridget,Hove,bhoveo0@constantcontact.com,Female,161.18.10.183
866,Lovell,Readhead,lreadheado1@tamu.edu,Male,102.146.14.124
867,Jeramie,Rumin,jrumino2@technorati.com,Male,226.164.49.195
868,Dexter,McMakin,dmcmakino3@addthis.com,Male,29.186.1.183
869,Wynny,Demann,wdemanno4@networkadvertising.org,Female,53.177.171.213
870,Chlo,Autin,cautino5@elpais.com,Female,1.220.177.124
871,Blayne,Rodrigo,brodrigoo6@sohu.com,Male,4.216.254.25
872,Carrol,Boskell,cboskello7@washington.edu,Male,168.45.13.242
873,Hilliary,Cattroll,hcattrollo8@prnewswire.com,Female,254.181.189.136
874,Palmer,Cabedo,pcabedoo9@soundcloud.com,Male,8.138.204.240
875,Clemence,Jorioz,cjoriozoa@cloudflare.com,Female,108.149.119.193
876,Laraine,Penwright,lpenwrightob@wikia.com,Female,254.181.218.22
877,Dre,Scrivener,dscriveneroc@sina.com.cn,Female,239.70.150.164
878,Huey,Tethacot,htethacotod@list-manage.com,Male,35.94.189.241
879,Rolph,Ximenez,rximenezoe@theglobeandmail.com,Male,63.218.5.198
880,Athena,Impett,aimpettof@paginegialle.it,Female,43.24.165.62
881,Ardine,Swiffin,aswiffinog@engadget.com,Female,83.58.52.217
882,Becca,Ivakhin,bivakhinoh@cnbc.com,Female,100.96.166.249
883,Melosa,Mebs,mmebsoi@seesaa.net,Female,52.44.112.81
884,Emily,Brecon,ebreconoj@freewebs.com,Female,14.42.228.36
885,Pat,Bounde,pboundeok@usa.gov,Female,213.62.243.96
886,Kyla,Lafaye,klafayeol@cmu.edu,Female,20.201.82.233
887,Lucilia,Rivel,lrivelom@ucoz.com,Female,64.186.211.250
888,Hilde,Bolderson,hboldersonon@shinystat.com,Female,122.117.22.115
889,Berry,Cosker,bcoskeroo@bandcamp.com,Female,62.219.65.217
890,Belvia,Tregiddo,btregiddoop@nih.gov,Female,43.238.36.229
891,Eleanora,Hurford,ehurfordoq@addthis.com,Female,150.123.63.212
892,Moselle,Errichiello,merrichielloor@ted.com,Female,161.145.114.145
893,Lavena,Healing,lhealingos@nydailynews.com,Female,22.118.255.145
894,Kristyn,Casali,kcasaliot@ask.com,Female,133.184.182.114
895,Avictor,Gilford,agilfordou@skyrock.com,Male,203.5.84.166
896,Elvis,Pineaux,epineauxov@sciencedaily.com,Male,11.125.248.203
897,Dante,Horsefield,dhorsefieldow@freewebs.com,Male,178.52.29.121
898,Gran,Shevlin,gshevlinox@liveinternet.ru,Male,124.26.137.24
899,Ross,Heminsley,rheminsleyoy@miibeian.gov.cn,Male,43.247.175.7
900,Nettie,Bruton,nbrutonoz@usatoday.com,Female,20.252.103.78
901,Gnni,Ahren,gahrenp0@opera.com,Female,10.89.107.8
902,Wells,Gallemore,wgallemorep1@furl.net,Male,75.137.255.221
903,Joana,Kneeshaw,jkneeshawp2@desdev.cn,Female,104.219.159.169
904,Wendel,Leddie,wleddiep3@tripadvisor.com,Male,8.7.152.37
905,Reid,Writer,rwriterp4@ca.gov,Male,27.172.199.45
906,Justino,Ville,jvillep5@ox.ac.uk,Male,13.19.72.201
907,Niles,Pedersen,npedersenp6@mlb.com,Male,231.228.62.217
908,Eward,End,eendp7@japanpost.jp,Male,234.228.40.234
909,Isabelita,Cathery,icatheryp8@bandcamp.com,Female,200.77.186.103
910,Steffie,Bonett,sbonettp9@themeforest.net,Female,121.110.47.176
911,Damita,Swait,dswaitpa@booking.com,Female,174.27.8.83
912,Sheffie,Odda,soddapb@weibo.com,Male,153.200.37.136
913,Benedict,Chucks,bchuckspc@scientificamerican.com,Male,158.225.63.129
914,Silvio,Rase,srasepd@wikispaces.com,Male,237.135.219.69
915,Solly,Searl,ssearlpe@istockphoto.com,Male,54.243.251.139
916,Leora,Bastie,lbastiepf@blinklist.com,Female,116.11.49.139
917,Laraine,Boulton,lboultonpg@tinypic.com,Female,202.75.172.196
918,Eddi,Crone,ecroneph@japanpost.jp,Female,247.113.149.5
919,Sigmund,Syder,ssyderpi@uol.com.br,Male,98.147.251.247
920,Clarie,Eggar,ceggarpj@utexas.edu,Female,91.29.130.202
921,Rolland,Bundey,rbundeypk@a8.net,Male,30.169.95.145
922,Cordelie,Antos,cantospl@ning.com,Female,74.199.38.33
923,Annadiana,Verrillo,averrillopm@lycos.com,Female,208.56.156.206
924,Pierce,Martell,pmartellpn@cyberchimps.com,Male,79.9.178.176
925,Barney,Perks,bperkspo@europa.eu,Male,34.192.65.122
926,Aurelie,Rodbourne,arodbournepp@canalblog.com,Female,126.146.215.248
927,Tull,Rigge,triggepq@google.it,Male,89.154.181.250
928,Del,Core,dcorepr@blogtalkradio.com,Female,253.243.208.226
929,Bartholemy,Cannam,bcannamps@angelfire.com,Male,98.159.165.179
930,Birdie,Greeve,bgreevept@163.com,Female,3.164.249.11
931,Vernen,Ochterlonie,vochterloniepu@blogspot.com,Male,8.139.95.31
932,Tull,Gledhall,tgledhallpv@imdb.com,Male,128.117.116.46
933,Frasquito,Auld,fauldpw@oracle.com,Male,213.4.210.94
934,Basile,Paterson,bpatersonpx@hud.gov,Male,19.222.159.140
935,Gerrie,Hum,ghumpy@stanford.edu,Female,88.134.137.134
936,Ralph,Bussy,rbussypz@t-online.de,Male,219.198.145.86
937,Agosto,Sabey,asabeyq0@bloglovin.com,Male,9.213.140.226
938,Denice,Bartaletti,dbartalettiq1@google.ru,Female,13.52.227.231
939,Stacia,Lytton,slyttonq2@marketwatch.com,Female,187.129.66.85
940,Cello,Mitchenson,cmitchensonq3@amazon.co.uk,Male,142.83.124.4
941,Leone,Dupree,ldupreeq4@dagondesign.com,Female,103.188.222.219
942,Jaymie,Hills,jhillsq5@omniture.com,Male,200.93.170.32
943,Drake,Wantling,dwantlingq6@arizona.edu,Male,230.123.145.69
944,Anjanette,MacGinney,amacginneyq7@google.it,Female,230.202.248.172
945,Fred,Donnachie,fdonnachieq8@biblegateway.com,Male,23.16.101.27
946,Evy,Dimitrie,edimitrieq9@hubpages.com,Female,39.162.52.18
947,Kerk,Shird,kshirdqa@xing.com,Male,49.165.141.153
948,Otho,Bartelet,obarteletqb@barnesandnoble.com,Male,131.15.201.6
949,Aldous,Duffit,aduffitqc@yandex.ru,Male,241.172.127.21
950,Frankie,Merwede,fmerwedeqd@comsenz.com,Male,109.253.25.8
951,Almeria,Churchlow,achurchlowqe@hexun.com,Female,225.1.239.175
952,Boote,Alberti,balbertiqf@desdev.cn,Male,154.240.66.135
953,Barnett,Paddy,bpaddyqg@foxnews.com,Male,88.174.25.187
954,Lin,Iiannoni,liiannoniqh@exblog.jp,Male,3.240.86.37
955,Caro,Ryde,crydeqi@g.co,Female,66.44.151.251
956,Maye,Tomczynski,mtomczynskiqj@sciencedaily.com,Female,94.69.10.173
957,Theresita,Beckson,tbecksonqk@aboutads.info,Female,27.62.150.212
958,Genovera,Addy,gaddyql@ihg.com,Female,213.87.134.170
959,Leo,Frickey,lfrickeyqm@cnbc.com,Male,221.242.147.36
960,Grove,Felstead,gfelsteadqn@time.com,Male,82.240.171.157
961,Nanine,Bovis,nbovisqo@weebly.com,Female,237.39.159.97
962,Lammond,Shanks,lshanksqp@bizjournals.com,Male,17.104.239.134
963,Ashely,Heasley,aheasleyqq@npr.org,Female,139.50.178.97
964,Flossie,Winder,fwinderqr@washington.edu,Female,142.8.220.175
965,Jarret,Herculeson,jherculesonqs@1688.com,Male,150.194.69.84
966,Nataniel,Ochterlony,nochterlonyqt@csmonitor.com,Male,249.52.37.76
967,Zonnya,McNess,zmcnessqu@trellian.com,Female,118.115.34.126
968,Tyrus,Pedler,tpedlerqv@arizona.edu,Male,88.247.253.44
969,Theodosia,Ottee,totteeqw@fotki.com,Female,217.164.51.53
970,Ulla,Couling,ucoulingqx@comsenz.com,Female,194.192.4.69
971,Cornie,Cripps,ccrippsqy@goodreads.com,Male,88.81.37.165
972,Haley,Wissbey,hwissbeyqz@behance.net,Male,147.118.52.213
973,Amos,Bouldon,abouldonr0@engadget.com,Male,197.253.184.180
974,Reilly,Ivain,rivainr1@amazon.co.jp,Male,161.211.227.202
975,Nilson,Wainwright,nwainwrightr2@washingtonpost.com,Male,78.127.174.38
976,Kamilah,Avesque,kavesquer3@1688.com,Female,81.154.74.229
977,Loralie,Dionisetti,ldionisettir4@blinklist.com,Female,140.180.60.47
978,Douglass,Rawlison,drawlisonr5@privacy.gov.au,Male,109.90.28.189
979,Ced,Ethington,cethingtonr6@a8.net,Male,0.204.103.120
980,Darsey,Bristoe,dbristoer7@go.com,Female,139.213.112.248
981,Harwilll,Tiebe,htieber8@etsy.com,Male,238.129.196.168
982,Mano,Peagram,mpeagramr9@51.la,Male,49.189.254.85
983,Andreana,Moulsdale,amoulsdalera@issuu.com,Female,59.56.66.102
984,Darrelle,Hanretty,dhanrettyrb@spiegel.de,Female,174.61.118.65
985,Lefty,Fredson,lfredsonrc@fotki.com,Male,183.153.0.159
986,Archaimbaud,Bick,abickrd@nature.com,Male,88.32.155.244
987,Sven,Bendall,sbendallre@vkontakte.ru,Male,190.234.218.88
988,Tommi,Tremoille,ttremoillerf@virginia.edu,Female,193.101.167.115
989,Andra,Bourgeois,abourgeoisrg@hc360.com,Female,23.198.91.20
990,Pauli,McGaugey,pmcgaugeyrh@photobucket.com,Female,104.117.139.226
991,Ollie,Tedahl,otedahlri@twitter.com,Female,197.70.126.109
992,Fawnia,Hunnicot,fhunnicotrj@ihg.com,Female,170.58.214.158
993,Georgetta,Trude,gtruderk@over-blog.com,Female,81.235.166.46
994,Rodge,Barkus,rbarkusrl@bandcamp.com,Male,184.246.31.24
995,Tony,Duffil,tduffilrm@fda.gov,Female,78.199.166.238
996,Melony,Medcalf,mmedcalfrn@webnode.com,Female,186.133.115.195
997,Tasha,Seivwright,tseivwrightro@cdc.gov,Female,155.61.19.227
998,Sky,Chattell,schattellrp@fema.gov,Male,153.166.198.237
999,Delainey,Keher,dkeherrq@tinypic.com,Male,148.166.72.2
1000,Clarance,MacLure,cmaclurerr@tripadvisor.com,Male,254.192.137.29
